DATE,SERIES,OPEN,HIGH,LOW,PREV. CLOSE,LTP,CLOSE,VWAP,52W H,52W L,VOLUME,VALUE,NO. OF  TRADES
12-Aug-2026,EQ,"2,445.70","2,445.80","2,300.10","2,445.70","2,349.70","2,349.70","2,341.12","3,350.00","1,976.80","70,22,647","16,44,08,82,989.40","2,69,920"
11-Aug-2026,EQ,"2,438.00","2,456.60","2,428.00","2,425.70","2,445.70","2,445.70","2,439.75","3,350.00","1,976.80","15,14,105","3,69,40,41,243.50","81,637"
10-Aug-2026,EQ,"2,452.70","2,472.90","2,423.50","2,452.70","2,425.70","2,425.70","2,449.22","3,350.00","1,976.80","23,22,023","5,68,71,53,770.30","1,19,267"
07-Aug-2026,EQ,"2,375.00","2,457.70","2,375.00","2,373.00","2,452.70","2,452.70","2,435.68","3,350.00","1,976.80","45,47,979","11,07,74,36,216.60","2,94,165"
06-Aug-2026,EQ,"2,417.00","2,434.50","2,368.50","2,413.00","2,373.00","2,373.00","2,393.09","3,350.00","1,976.80","27,29,141","6,53,10,92,780.40","1,16,317"
05-Aug-2026,EQ,"2,460.00","2,460.90","2,408.00","2,460.00","2,413.00","2,413.00","2,424.72","3,350.00","1,976.80","30,14,409","7,30,91,09,003.30","1,15,103"
04-Aug-2026,EQ,"2,463.10","2,467.40","2,435.10","2,473.70","2,460.00","2,460.00","2,449.56","3,350.00","1,976.80","27,92,792","6,84,11,15,260.50","91,828"
03-Aug-2026,EQ,"2,383.90","2,473.70","2,383.00","2,365.60","2,473.70","2,473.70","2,429.42","3,350.00","1,976.80","30,36,839","7,37,77,69,245.80","1,30,409"
31-Jul-2026,EQ,"2,385.00","2,391.00","2,326.10","2,431.80","2,366.00","2,365.60","2,364.25","3,350.00","1,976.80","43,43,683","10,26,95,62,982.90","1,64,495"
30-Jul-2026,EQ,"2,440.00","2,495.00","2,423.00","2,446.60","2,434.00","2,431.80","2,459.56","3,350.00","1,976.80","49,01,582","12,05,57,19,188.10","1,68,548"
29-Jul-2026,EQ,"2,440.00","2,475.50","2,415.10","2,398.00","2,440.00","2,446.60","2,450.86","3,350.00","1,976.80","71,69,419","17,57,12,37,330.30","2,07,914"
28-Jul-2026,EQ,"2,325.00","2,417.40","2,323.00","2,295.60","2,398.00","2,398.00","2,389.74","3,350.00","1,976.80","82,48,513","19,71,17,86,830.00","2,56,167"
27-Jul-2026,EQ,"2,286.00","2,315.00","2,272.40","2,254.30","2,296.90","2,295.60","2,299.88","3,350.00","1,976.80","40,07,292","9,21,62,95,835.20","1,62,713"
24-Jul-2026,EQ,"2,205.10","2,264.30","2,205.10","2,242.90","2,250.20","2,254.30","2,246.06","3,350.00","1,976.80","32,11,699","7,21,36,56,139.40","1,23,535"
23-Jul-2026,EQ,"2,204.00","2,250.00","2,193.60","2,208.30","2,245.00","2,242.90","2,230.95","3,350.00","1,976.80","25,03,539","5,58,52,58,736.20","1,22,801"
22-Jul-2026,EQ,"2,216.00","2,226.80","2,201.00","2,221.10","2,207.00","2,208.30","2,211.61","3,350.00","1,976.80","15,99,665","3,53,78,39,940.50","76,904"
21-Jul-2026,EQ,"2,245.10","2,259.90","2,218.50","2,251.10","2,219.00","2,221.10","2,229.94","3,350.00","1,976.80","23,82,160","5,31,20,74,629.70","95,890"
20-Jul-2026,EQ,"2,280.10","2,283.40","2,245.10","2,269.00","2,251.00","2,251.10","2,257.07","3,350.00","1,976.80","22,02,693","4,97,16,23,639.20","81,615"
17-Jul-2026,EQ,"2,224.80","2,275.00","2,215.10","2,201.00","2,266.00","2,269.00","2,255.69","3,350.00","1,976.80","56,15,138","12,66,60,31,000.10","1,95,217"
16-Jul-2026,EQ,"2,206.00","2,231.40","2,187.80","2,189.20","2,199.10","2,201.00","2,212.76","3,350.00","1,976.80","51,97,595","11,50,10,44,792.20","1,73,110"
15-Jul-2026,EQ,"2,174.10","2,202.90","2,145.40","2,200.60","2,187.00","2,189.20","2,184.51","3,350.00","1,976.80","54,26,489","11,85,42,45,157.30","1,96,320"
14-Jul-2026,EQ,"2,182.90","2,228.00","2,179.00","2,181.50","2,197.00","2,200.60","2,200.40","3,350.00","1,976.80","95,46,290","21,00,56,60,491.10","2,72,515"
13-Jul-2026,EQ,"2,075.00","2,204.90","2,065.10","2,069.00","2,182.90","2,181.50","2,162.90","3,350.00","1,976.80","1,23,82,622","26,78,23,59,193.50","3,81,465"
10-Jul-2026,EQ,"2,105.20","2,133.30","2,064.60","2,049.50","2,068.00","2,069.00","2,088.11","3,426.10","1,976.80","67,14,551","14,02,07,50,878.10","2,32,544"
09-Jul-2026,EQ,"2,057.50","2,065.00","2,016.00","2,057.50","2,059.00","2,049.50","2,043.56","3,426.10","1,976.80","37,91,498","7,74,81,64,028.40","1,62,757"
08-Jul-2026,EQ,"2,094.00","2,109.70","2,048.80","2,096.10","2,059.60","2,057.50","2,077.56","3,426.10","1,976.80","36,66,985","7,61,83,89,000.00","1,48,206"
07-Jul-2026,EQ,"2,050.00","2,122.70","2,049.00","2,057.60","2,095.90","2,096.10","2,098.44","3,426.10","1,976.80","47,69,048","10,00,75,61,030.20","1,84,997"
06-Jul-2026,EQ,"2,090.00","2,093.00","2,050.60","2,093.50","2,059.00","2,057.60","2,061.87","3,426.10","1,976.80","25,67,386","5,29,36,19,608.80","1,74,420"
03-Jul-2026,EQ,"2,100.00","2,116.60","2,085.00","2,068.10","2,088.00","2,093.50","2,099.43","3,489.90","1,976.80","40,28,819","8,45,82,29,638.50","2,07,169"
02-Jul-2026,EQ,"2,008.00","2,076.90","2,002.50","1,982.60","2,070.90","2,068.10","2,051.09","3,489.90","1,976.80","60,40,621","12,38,98,73,438.80","2,38,163"
01-Jul-2026,EQ,"2,039.90","2,052.00","1,976.80","2,031.50","1,981.80","1,982.60","2,006.75","3,489.90","1,976.80","46,58,295","9,34,80,43,502.80","2,20,027"
30-Jun-2026,EQ,"2,090.00","2,104.30","2,018.80","2,097.90","2,033.00","2,031.50","2,042.05","3,489.90","2,018.80","68,48,411","13,98,47,86,947.60","2,94,008"
29-Jun-2026,EQ,"2,090.00","2,105.00","2,071.00","2,094.70","2,094.00","2,097.90","2,089.53","3,489.90","2,055.00","34,12,470","7,13,04,58,833.10","1,62,690"
25-Jun-2026,EQ,"2,133.60","2,148.50","2,088.00","2,109.00","2,095.90","2,094.70","2,117.73","3,489.90","2,055.00","47,38,903","10,03,57,14,708.10","1,77,569"
24-Jun-2026,EQ,"2,061.00","2,120.70","2,061.00","2,059.60","2,107.10","2,109.00","2,093.61","3,489.90","2,055.00","47,47,277","9,93,89,58,483.50","1,80,127"
24-Jun-2026,BL,"2,059.60","2,059.60","2,059.60","3,019.00","2,059.60","2,059.60","2,059.60","3,266.00","2,059.60","1,83,328","37,75,82,348.80","1"
23-Jun-2026,EQ,"2,111.00","2,114.00","2,055.00","2,127.80","2,060.00","2,059.60","2,073.42","3,489.90","2,055.00","63,92,736","13,25,48,06,163.90","2,80,238"
22-Jun-2026,EQ,"2,132.20","2,157.00","2,121.00","2,125.00","2,129.50","2,127.80","2,135.79","3,489.90","2,059.90","45,66,101","9,75,22,28,673.00","1,48,495"
19-Jun-2026,EQ,"2,105.00","2,138.00","2,059.90","2,203.30","2,135.90","2,125.00","2,089.19","3,538.00","2,059.90","1,32,86,502","27,75,80,42,714.10","4,81,812"
18-Jun-2026,EQ,"2,209.00","2,214.00","2,182.00","2,223.00","2,202.50","2,203.30","2,197.22","3,538.00","2,110.00","37,35,188","8,20,70,25,076.50","1,41,783"
17-Jun-2026,EQ,"2,209.00","2,231.00","2,200.70","2,199.00","2,221.00","2,223.00","2,220.40","3,538.00","2,110.00","28,65,010","6,36,14,71,428.90","1,07,237"
16-Jun-2026,EQ,"2,167.00","2,209.00","2,160.60","2,162.00","2,197.90","2,199.00","2,189.97","3,538.00","2,110.00","30,79,898","6,74,48,89,594.10","1,20,376"
15-Jun-2026,EQ,"2,192.00","2,192.00","2,159.30","2,161.40","2,162.60","2,162.00","2,170.27","3,538.00","2,110.00","33,37,083","7,24,23,75,099.40","1,13,160"
12-Jun-2026,EQ,"2,150.00","2,168.00","2,138.00","2,135.60","2,161.10","2,161.40","2,153.15","3,538.00","2,110.00","21,24,656","4,57,46,95,142.60","98,414"
11-Jun-2026,EQ,"2,127.00","2,154.60","2,110.00","2,153.90","2,136.70","2,135.60","2,132.03","3,538.00","2,110.00","30,79,815","6,56,62,43,978.90","1,46,700"
10-Jun-2026,EQ,"2,151.30","2,180.80","2,144.80","2,151.00","2,151.80","2,153.90","2,162.42","3,538.00","2,132.80","28,48,650","6,15,99,63,945.60","1,09,866"
09-Jun-2026,EQ,"2,174.00","2,174.00","2,132.80","2,151.40","2,152.00","2,151.00","2,148.74","3,538.00","2,132.80","41,48,655","8,91,43,99,373.70","1,37,800"
08-Jun-2026,EQ,"2,170.00","2,177.00","2,143.30","2,198.90","2,149.40","2,151.40","2,158.30","3,538.00","2,143.30","65,36,734","14,10,82,36,765.00","1,97,493"
05-Jun-2026,EQ,"2,262.90","2,271.80","2,192.00","2,241.00","2,196.00","2,198.90","2,219.87","3,538.00","2,192.00","50,19,717","11,14,31,26,655.80","2,26,269"
04-Jun-2026,EQ,"2,241.70","2,253.10","2,216.60","2,241.70","2,243.00","2,241.00","2,236.45","3,538.00","2,206.40","48,67,263","10,88,54,12,981.10","1,56,136"
03-Jun-2026,EQ,"2,393.00","2,393.00","2,224.80","2,446.90","2,245.00","2,241.70","2,267.78","3,538.00","2,206.40","1,56,60,062","35,51,36,38,076.70","5,02,630"
02-Jun-2026,EQ,"2,320.00","2,457.40","2,316.20","2,297.40","2,451.10","2,446.90","2,419.08","3,538.00","2,206.40","1,13,06,127","27,35,04,73,864.60","3,66,391"
01-Jun-2026,EQ,"2,284.00","2,335.00","2,280.00","2,258.90","2,296.40","2,297.40","2,300.81","3,538.00","2,206.40","75,05,095","17,26,77,97,717.50","1,54,067"
29-May-2026,EQ,"2,291.00","2,334.00","2,235.00","2,284.20","2,256.00","2,258.90","2,271.96","3,545.00","2,206.40","1,63,31,582","37,10,46,29,642.30","2,31,376"
27-May-2026,EQ,"2,275.00","2,295.60","2,260.90","2,276.20","2,289.90","2,284.20","2,276.47","3,545.00","2,206.40","26,53,950","6,04,16,27,688.20","1,23,480"
26-May-2026,EQ,"2,308.20","2,327.90","2,272.40","2,308.20","2,281.40","2,276.20","2,289.98","3,545.00","2,206.40","35,87,597","8,21,55,34,119.50","1,30,719"
25-May-2026,EQ,"2,325.00","2,326.10","2,293.00","2,317.30","2,307.40","2,308.20","2,310.30","3,545.00","2,206.40","32,98,364","7,62,02,24,109.50","75,809"
22-May-2026,EQ,"2,331.10","2,340.00","2,308.10","2,327.20","2,317.90","2,317.30","2,323.55","3,558.00","2,206.40","26,17,262","6,08,13,46,029.20","87,846"
21-May-2026,EQ,"2,331.00","2,335.90","2,314.00","2,327.40","2,325.40","2,327.20","2,324.25","3,558.00","2,206.40","32,99,087","7,66,79,13,393.70","1,06,203"
20-May-2026,EQ,"2,323.90","2,342.00","2,317.80","2,327.10","2,324.10","2,327.40","2,332.61","3,558.00","2,206.40","25,37,422","5,91,88,03,274.80","98,920"
19-May-2026,EQ,"2,300.00","2,377.60","2,297.10","2,283.20","2,330.00","2,327.10","2,347.34","3,558.00","2,206.40","1,03,94,707","24,39,98,67,016.00","2,36,124"
18-May-2026,EQ,"2,264.00","2,292.90","2,252.20","2,264.00","2,289.90","2,283.20","2,277.12","3,558.00","2,206.40","37,73,336","8,59,23,31,857.60","1,18,965"
15-May-2026,EQ,"2,252.00","2,304.90","2,252.00","2,246.00","2,267.00","2,264.00","2,280.06","3,630.50","2,206.40","34,10,637","7,77,64,69,684.80","1,35,890"
14-May-2026,EQ,"2,265.00","2,265.00","2,206.40","2,272.80","2,249.90","2,246.00","2,236.83","3,630.50","2,206.40","56,33,313","12,60,07,36,362.00","2,41,132"
13-May-2026,EQ,"2,306.00","2,309.20","2,269.00","2,300.30","2,274.00","2,272.80","2,285.14","3,630.50","2,269.00","31,71,843","7,24,80,98,371.80","1,69,055"
12-May-2026,EQ,"2,375.00","2,375.00","2,283.00","2,392.90","2,303.50","2,300.30","2,302.30","3,630.50","2,283.00","63,47,884","14,61,47,16,645.60","3,58,785"
11-May-2026,EQ,"2,371.00","2,415.00","2,371.00","2,394.40","2,400.00","2,392.90","2,397.63","3,630.50","2,346.20","19,75,188","4,73,57,75,184.10","1,16,550"
08-May-2026,EQ,"2,398.00","2,407.00","2,375.10","2,401.40","2,397.20","2,394.40","2,387.75","3,630.50","2,346.20","37,92,199","9,05,48,24,056.00","1,84,241"
07-May-2026,EQ,"2,438.20","2,439.70","2,398.00","2,435.40","2,403.00","2,401.40","2,408.44","3,630.50","2,346.20","58,29,594","14,04,02,48,979.00","1,67,098"
06-May-2026,EQ,"2,441.90","2,471.00","2,406.50","2,427.30","2,435.00","2,435.40","2,433.81","3,630.50","2,346.20","31,47,628","7,66,07,43,017.80","1,30,239"
05-May-2026,EQ,"2,430.00","2,460.40","2,412.20","2,431.30","2,429.80","2,427.30","2,432.41","3,630.50","2,346.20","33,85,720","8,23,54,52,650.20","1,34,489"
04-May-2026,EQ,"2,494.00","2,498.30","2,425.00","2,473.90","2,430.00","2,431.30","2,444.12","3,630.50","2,346.20","26,32,358","6,43,37,88,855.30","1,45,629"
30-Apr-2026,EQ,"2,479.00","2,491.00","2,438.00","2,474.70","2,474.80","2,473.90","2,470.47","3,630.50","2,346.20","39,70,446","9,80,88,81,103.10","1,75,405"
29-Apr-2026,EQ,"2,451.00","2,487.90","2,447.60","2,444.70","2,465.00","2,474.70","2,473.75","3,630.50","2,346.20","28,35,961","7,01,54,68,503.50","1,45,414"
28-Apr-2026,EQ,"2,444.00","2,487.00","2,427.40","2,447.60","2,450.70","2,444.70","2,452.87","3,630.50","2,346.20","45,08,363","11,05,84,22,250.70","2,02,414"
27-Apr-2026,EQ,"2,396.90","2,459.00","2,396.90","2,396.90","2,448.00","2,447.60","2,439.56","3,630.50","2,346.20","58,53,425","14,27,98,01,556.70","2,26,406"
24-Apr-2026,EQ,"2,488.00","2,505.00","2,388.80","2,521.80","2,401.00","2,396.90","2,426.09","3,630.50","2,346.20","51,07,719","12,39,18,09,512.40","3,00,607"
23-Apr-2026,EQ,"2,529.00","2,559.50","2,516.30","2,538.50","2,518.20","2,521.80","2,538.03","3,630.50","2,346.20","25,09,050","6,36,80,42,336.20","1,16,013"
22-Apr-2026,EQ,"2,580.00","2,580.00","2,503.60","2,610.50","2,535.30","2,538.50","2,543.73","3,630.50","2,346.20","52,32,045","13,30,89,11,672.10","2,34,440"
21-Apr-2026,EQ,"2,560.00","2,614.00","2,560.00","2,579.60","2,609.90","2,610.50","2,596.45","3,630.50","2,346.20","27,19,959","7,06,22,45,701.10","1,26,132"
20-Apr-2026,EQ,"2,587.10","2,594.00","2,561.20","2,581.50","2,575.90","2,579.60","2,581.08","3,630.50","2,346.20","22,88,558","5,90,69,41,172.80","1,24,006"
17-Apr-2026,EQ,"2,570.00","2,589.00","2,555.90","2,576.90","2,583.60","2,581.50","2,577.98","3,630.50","2,346.20","27,18,206","7,00,74,72,973.50","1,31,272"
16-Apr-2026,EQ,"2,572.00","2,594.00","2,558.00","2,554.90","2,573.00","2,576.90","2,575.26","3,630.50","2,346.20","39,05,403","10,05,74,27,039.80","1,74,580"
15-Apr-2026,EQ,"2,501.90","2,559.00","2,493.40","2,472.60","2,552.80","2,554.90","2,542.02","3,630.50","2,346.20","52,61,384","13,37,45,54,360.50","1,86,444"
13-Apr-2026,EQ,"2,489.90","2,504.90","2,470.00","2,524.30","2,470.70","2,472.60","2,480.40","3,630.50","2,346.20","37,39,587","9,27,56,88,865.00","1,52,183"
10-Apr-2026,EQ,"2,565.80","2,565.80","2,501.10","2,589.00","2,523.00","2,524.30","2,522.67","3,630.50","2,346.20","1,04,80,239","26,43,82,19,057.00","3,73,922"
09-Apr-2026,EQ,"2,554.00","2,605.00","2,531.10","2,559.20","2,590.00","2,589.00","2,577.84","3,630.50","2,346.20","56,28,261","14,50,87,58,087.80","2,18,190"
08-Apr-2026,EQ,"2,572.00","2,580.30","2,540.10","2,539.80","2,561.10","2,559.20","2,557.13","3,630.50","2,346.20","47,69,337","12,19,58,04,701.30","2,36,001"
07-Apr-2026,EQ,"2,461.00","2,543.90","2,448.00","2,473.90","2,543.50","2,539.80","2,522.72","3,630.50","2,346.20","45,16,550","11,39,39,81,114.00","2,19,120"
06-Apr-2026,EQ,"2,474.00","2,482.00","2,448.20","2,450.70","2,472.00","2,473.90","2,465.46","3,630.50","2,346.20","25,72,417","6,34,21,91,751.10","1,18,175"
02-Apr-2026,EQ,"2,386.00","2,469.90","2,375.70","2,408.20","2,445.70","2,450.70","2,428.65","3,630.50","2,346.20","53,78,361","13,06,21,62,395.40","2,53,292"
01-Apr-2026,EQ,"2,429.00","2,472.00","2,397.90","2,358.90","2,411.20","2,408.20","2,433.70","3,630.50","2,346.20","41,32,661","10,05,76,37,617.80","1,47,044"
30-Mar-2026,EQ,"2,375.10","2,398.00","2,346.20","2,389.80","2,365.00","2,358.90","2,370.92","3,630.50","2,346.20","68,04,756","16,13,35,42,829.30","1,86,938"
27-Mar-2026,EQ,"2,403.90","2,422.10","2,385.00","2,377.40","2,387.50","2,389.80","2,403.64","3,710.00","2,348.00","49,79,411","11,96,86,98,699.20","2,04,594"
25-Mar-2026,EQ,"2,400.90","2,421.60","2,369.80","2,398.80","2,377.90","2,377.40","2,397.29","3,710.00","2,348.00","58,43,778","14,00,92,57,427.90","2,16,118"
24-Mar-2026,EQ,"2,404.10","2,435.40","2,379.10","2,383.80","2,400.80","2,398.80","2,405.63","3,710.00","2,348.00","34,20,182","8,22,77,06,052.40","1,74,467"
23-Mar-2026,EQ,"2,365.00","2,406.80","2,348.00","2,390.60","2,380.00","2,383.80","2,389.12","3,710.00","2,348.00","38,60,515","9,22,32,42,939.10","2,14,767"
20-Mar-2026,EQ,"2,386.00","2,407.80","2,364.20","2,356.00","2,397.60","2,390.60","2,384.64","3,710.00","2,350.20","42,06,320","10,03,05,76,230.90","1,86,293"
19-Mar-2026,EQ,"2,417.00","2,424.00","2,350.20","2,440.80","2,362.80","2,356.00","2,378.78","3,710.00","2,350.20","27,57,060","6,55,84,45,932.60","1,71,760"
18-Mar-2026,EQ,"2,410.00","2,482.90","2,410.00","2,391.70","2,439.00","2,440.80","2,457.23","3,710.00","2,360.00","30,82,388","7,57,41,39,825.80","1,49,271"
17-Mar-2026,EQ,"2,420.00","2,420.00","2,360.00","2,409.20","2,394.00","2,391.70","2,387.21","3,710.00","2,360.00","29,93,367","7,14,58,03,596.00","2,07,239"
16-Mar-2026,EQ,"2,410.00","2,425.00","2,366.10","2,410.50","2,401.00","2,409.20","2,394.18","3,710.00","2,366.10","38,07,907","9,11,68,14,433.00","1,69,215"
13-Mar-2026,EQ,"2,437.00","2,445.90","2,397.00","2,442.40","2,412.00","2,410.50","2,418.06","3,710.00","2,397.00","24,66,488","5,96,41,19,962.40","1,80,674"
12-Mar-2026,EQ,"2,459.80","2,472.90","2,436.00","2,464.90","2,447.00","2,442.40","2,450.97","3,710.00","2,436.00","27,52,075","6,74,52,52,596.10","1,65,970"
11-Mar-2026,EQ,"2,508.10","2,521.00","2,460.10","2,513.10","2,463.00","2,464.90","2,482.92","3,710.00","2,460.10","27,20,664","6,75,52,04,516.50","1,92,326"
10-Mar-2026,EQ,"2,541.00","2,545.20","2,490.10","2,527.40","2,517.40","2,513.10","2,507.26","3,710.00","2,490.10","43,23,710","10,84,06,45,308.20","2,14,008"
09-Mar-2026,EQ,"2,530.00","2,560.00","2,505.00","2,557.60","2,527.80","2,527.40","2,525.33","3,710.00","2,505.00","36,53,428","9,22,61,03,997.60","1,91,560"
06-Mar-2026,EQ,"2,572.00","2,619.20","2,553.60","2,578.80","2,560.00","2,557.60","2,581.54","3,710.00","2,546.40","39,98,643","10,32,26,55,875.30","1,43,599"
05-Mar-2026,EQ,"2,600.00","2,609.50","2,546.40","2,587.80","2,575.00","2,578.80","2,567.95","3,710.00","2,546.40","29,60,636","7,60,27,67,475.60","1,86,527"
04-Mar-2026,EQ,"2,625.00","2,635.00","2,580.40","2,613.50","2,583.00","2,587.80","2,598.18","3,710.00","2,561.30","34,46,434","8,95,44,59,042.60","1,93,409"
02-Mar-2026,EQ,"2,592.00","2,623.80","2,580.30","2,637.40","2,611.70","2,613.50","2,606.37","3,710.00","2,561.30","33,74,385","8,79,48,98,070.10","2,27,265"
27-Feb-2026,EQ,"2,681.60","2,688.60","2,626.10","2,647.70","2,639.70","2,637.40","2,644.90","3,763.20","2,561.30","50,83,717","13,44,59,33,670.90","1,66,737"
26-Feb-2026,EQ,"2,650.00","2,671.00","2,635.00","2,629.30","2,649.00","2,647.70","2,649.37","3,763.20","2,561.30","34,64,267","9,17,81,07,812.80","1,48,371"
25-Feb-2026,EQ,"2,596.00","2,654.20","2,595.00","2,573.70","2,629.00","2,629.30","2,632.16","3,763.20","2,561.30","36,21,285","9,53,17,84,527.20","1,70,312"
24-Feb-2026,EQ,"2,641.00","2,647.50","2,561.30","2,676.30","2,581.00","2,573.70","2,586.99","3,763.20","2,561.30","77,98,833","20,17,55,18,856.60","4,24,406"
23-Feb-2026,EQ,"2,686.00","2,704.00","2,660.20","2,686.20","2,674.00","2,676.30","2,675.99","3,763.20","2,585.00","46,99,596","12,57,60,73,695.10","1,71,914"
20-Feb-2026,EQ,"2,667.00","2,702.60","2,647.50","2,677.90","2,685.00","2,686.20","2,684.40","3,934.00","2,585.00","22,93,482","6,15,66,33,439.20","98,725"
19-Feb-2026,EQ,"2,708.00","2,748.70","2,666.60","2,694.90","2,675.00","2,677.90","2,709.33","3,934.00","2,585.00","32,38,849","8,77,50,99,079.90","1,37,884"
18-Feb-2026,EQ,"2,730.00","2,730.00","2,657.30","2,717.40","2,694.50","2,694.90","2,687.82","3,934.00","2,585.00","29,50,820","7,93,12,64,158.60","1,40,494"
17-Feb-2026,EQ,"2,716.00","2,760.00","2,695.20","2,706.60","2,719.80","2,717.40","2,735.60","3,934.00","2,585.00","42,09,118","11,51,44,52,779.90","1,63,505"
16-Feb-2026,EQ,"2,700.00","2,719.80","2,671.00","2,692.20","2,713.00","2,706.60","2,692.22","3,934.00","2,585.00","29,18,730","7,85,78,74,541.60","1,34,363"
13-Feb-2026,EQ,"2,585.00","2,713.00","2,585.00","2,750.10","2,695.00","2,692.20","2,649.41","4,052.00","2,585.00","1,11,68,735","29,59,05,99,535.80","4,15,060"
12-Feb-2026,EQ,"2,869.80","2,880.00","2,740.00","2,909.80","2,741.90","2,750.10","2,778.17","4,052.00","2,740.00","1,06,12,156","29,48,23,35,572.60","6,60,406"